Customer_Category,Total_Cost
Teenager,52.52909119925949
Professional,52.525762087748994
Student,52.48799410454815
Homemaker,52.461416782280054
Young Adult,52.448245984411244
Retiree,52.435588700908276
Middle-Aged,52.411318078243845
Senior Citizen,52.342671952823046
