Season,Total_Cost
Fall,52.50376108683996
Summer,52.476188818936635
Spring,52.46552874493347
Winter,52.383941232602254
