Discount_Flag,avg_total_cost,avg_items,count
No,52.42351237057308,5.499691935922672,499896
Yes,52.486915241629745,5.492191624142178,500104
