Promotion,avg_total_cost,count
nan,52.565973264898496,333943
BOGO (Buy One Get One),52.41850042231887,332687
Discount on Selected Items,52.38092191858896,333370
